"Type","O_name","N_name","F"
"HEAD","Drinks","",""
"","","",""
"SUBHEAD","Health Beverages","",""
"","","",""
"KEYWORD","","""Boost"" nutrition drink, Indian Ads",""
"KEYWORD","","""Horlicks"" nutrition drink, Indian Ads",""
"KEYWORD","","Cadbury ""Bournvita"" nutrition drink, Indian Ads",""
"KEYWORD","","""Complan"", Indian Ads",""
"KEYWORD","","Patanjali ""Powervita"", Indian Ads ",""
"KEYWORD","","""PediaSure"", Indian Ads",""
"KEYWORD","","""Ensure"" nutrition drink, Indian Ads",""
"KEYWORD","","""ProtienX"" nutrition drink, Indian Ads",""
"KEYWORD","","""Yakult"" probiotic nutrition drink, Indian Ads",""
"","","",""
"SUBHEAD","Soda","",""
"","","",""
"KEYWORD","0 Maaza Indian Ads.json 1510","""Maaza"", Indian Ads",""
"KEYWORD","1 Indian Soda Ads.json 1210(Redundant)","",""
"KEYWORD","2 7UP Indian Ads.json 1210","""7UP"", Indian Ads",""
"KEYWORD","3 ThumbsUp Indian Ads.json 1210","""ThumbsUp"", Indian Ads",""
"KEYWORD","4 Pepsi Indian Ads.json 1210","""Pepsi"", Indian Ads",""
"KEYWORD","5 Coca Cola Indian Ads.json 1110","""Coca Cola"", Indian Ads",""
"KEYWORD","6 Limca Indian Ads.json 1110","""Limca"", Indian Ads",""
"KEYWORD","7 Mountain Dew Indian Ads.json 1110","""Mountain Dew"", Indian Ads",""
"KEYWORD","8 Fanta Indian Ads.json 1110","""Fanta"", Indian Ads",""
"KEYWORD","9 Mirinda Indian Ads.json 1110","""Mirinda"", Indian Ads",""
"KEYWORD","10 Sprite Indian Ads.json 1110","""Sprite"", Indian Ads",""
"","Keyword Count: 11","",""
"","","",""
"SUBHEAD","Coffee","",""
"","","",""
"KEYWORD","11 Black Baza Coffee Indian Ads.json 1110","""Black Baza Coffee"", Indian Ads",""
"KEYWORD","12 Indian Bean Indian Ads.json 1110","""Indian Bean coffee"", Indian Ads",""
"KEYWORD","13 Blue Tokai Indian Ads.json 1110","""Blue Tokai coffee"", Indian Ads",""
"KEYWORD","14 Indian Coffee Ads.json 1110(Redundant)","",""
"KEYWORD","15 Flying Squirrel Coffee Indian Ads.json 1110","""Flying Squirrel Coffee"", Indian Ads",""
"KEYWORD","16 Indian Coffee House Indian Ads.json 1110","""Indian Coffee House"", Indian Ads",""
"KEYWORD","17 Chai Point Indian Ads.json 1110","""Chai Point"", Indian Ads",""
"KEYWORD","18 Bru Indian Ads.json 1110","""Bru coffee"", Bru Ads",""
"KEYWORD","19 Café Coffee Day Indian Ads.json 1110","""Café Coffee Day"", Indian Ads",""
"KEYWORD","20 Seven Beans Coffee Indian Ads.json 1110","""Seven Beans Coffee"", Indian Ads",""
"KEYWORD","21 Country Bean Indian Ads.json 1110","""Country Bean coffee"", Indian Ads",""
"KEYWORD","22 Barista Lavazza Indian Ads.json 1110","""Barista Lavazza coffee"", Indian Ads",""
"","Keyword Count: 12","",""
"","","",""
"SUBHEAD","Energy Drinks","",""
"","","",""
"KEYWORD","23 Glucon-D Indian Ads.json 1110","""Glucon-D"", Indian Ads",""
"KEYWORD","24 Sting Indian Ads.json 1110","""Sting"", Indian Ads",""
"KEYWORD","25 Red Bull Indian Ads.json 1110","""Red Bull"", Indian Ads",""
"KEYWORD","26 Indian Energy Drinks Ads.json 1110(Redundant)","",""
"KEYWORD","27 Rockstar Energy Drink Indian Ads.json 1110","""Rockstar Energy Drink"", Indian Ads",""
"KEYWORD","28 Enerzal Indian Ads.json 1110","""Enerzal"", Indian Ads",""
"KEYWORD","29 Ocean Energy Drink Indian Ads.json 1110","""Ocean Energy Drink"", Indian Ads",""
"KEYWORD","30 Café Cuba Indian Ads.json 1110","""Café Cuba"", Indian Ads",""
"KEYWORD","31 Gatorade Indian Ads.json 1110","""Gatorade"", Indian Ads",""
"KEYWORD","32 Monster Energy Drink Indian Ads.json 1110","""Monster Energy Drink"", Indian Ads",""
"","Keyword Count: 10","",""
"","","",""
"SUBHEAD","Water","",""
"","","",""
"KEYWORD","33 Rail Neer Indian Ads.json 1110","""Rail Neer"", Indian Ads",""
"KEYWORD","34 Himalayan Mineral Water. Indian Ads.json 1110","""Himalayan Mineral Water"", Indian Ads",""
"KEYWORD","35 Kingfisher Mineral Water Indian Ads.json 1110","""Kingfisher Mineral Water"", Indian Ads",""
"KEYWORD","36 Smartwater Indian Ads.json 1110","""Smartwater"", Indian Ads",""
"KEYWORD","37 Bailey Indian Ads.json 1110","""Bailey"", Indian Ads",""
"KEYWORD","38 Patanjali Divya jal Indian Ads.json 1110","""Patanjali Divya jal"", Indian Ads",""
"KEYWORD","39 Aquafina Indian Ads.json 1110","""Aquafina"", Indian Ads",""
"KEYWORD","40 Indian Water Ads.json 1110 (Redundant)","",""
"KEYWORD","41 Kinley Indian Ads.json 1110","""Kinley"", Indian Ads",""
"KEYWORD","42 Qua Mineral Water Indian Ads.json 1110","""Qua Mineral Water"", Indian Ads",""
"KEYWORD","43 Bisleri Indian Ads.json 1110","""Bisleri"", Indian Ads",""
"","Keyword Count: 11","",""
"","","",""
"SUBHEAD","Juice","",""
"","","",""
"KEYWORD","44 Drunken Monkey Indian Ads.json 1110","""Drunken Monkey"", Indian Ads",""
"KEYWORD","45 The Thickshake Factory Indian Ads.json 1110","""The Thickshake Factory"", Indian Ads",""
"KEYWORD","46 Paper boat Indian Ads.json 1110","""Paper boat"", Indian Ads",""
"KEYWORD","47 Frooti Indian Ads.json 1110","""Frooti"", Indian Ads",""
"KEYWORD","48 Indian Juice Ads.json 1110(Reduntant)","",""
"KEYWORD","49 Mazza Indian Ads.json 1110","""Mazza"", Indian Ads",""
"KEYWORD","50 Slice Indian Ads.json 1110","""Slice"", Indian Ads",""
"KEYWORD","51 Safal Fruit Juice Indian Ads.json 1110","""Safal Fruit Juice"", Indian Ads",""
"KEYWORD","52 Real Fruit Juice Indian Ads.json 1110","""Real Fruit Juice"", Indian Ads",""
"KEYWORD","53 Roohafza Indian Ads.json 1110","""Roohafza"", Indian Ads",""
"KEYWORD","54 Minute Maid Indian Ads.json 1110","""Minute Maid"", Indian Ads",""
"KEYWORD","55 Rasna Indian Ads.json 1110","""Rasna"", Indian Ads",""
"KEYWORD","56 Tropicana Indian Ads.json 1110","""Tropicana"", Indian Ads",""
"","Keyword Count: 13","",""
"","","",""
"SUBHEAD","Alcohol","",""
"","","",""
"KEYWORD","57 McDowell’s No.1 Liquor & Alcohol Indian Ads.json 1110","""McDowell’s"" Liquor & Alcohol, Indian Ads",""
"KEYWORD","58 Kingfisher Indian Ads.json 1110","""Kingfisher""  liquor and alcohol, Indian Ads",""
"KEYWORD","59 Royal Challenge Indian Ads.json 1110","""Royal Challenge"" Liquour and Alcohol, Indian Ads",""
"KEYWORD","60 Heineken Beer Indian Ads.json 1110","""Heineken Beer"", Indian Ads",""
"KEYWORD","61 Carlsberg Indian Ads.json 1110","""Carlsberg"", Indian Ads",""
"KEYWORD","62 Imperial Blue Liquor & Alcohol Indian Ads.json 1110","""Imperial Blue"" Liquor & Alcohol, Indian Ads",""
"KEYWORD","63 Old Monk Liquor & Alcohol Rum Indian Ads.json 1110","""Old Monk"" Liquor & Alcohol, Indian Ads",""
"KEYWORD","64 Tuborg Indian Ads.json 1110","""Tuborg"", Indian Ads",""
"KEYWORD","65 Royal Stag Indian Ads.json 1110","""Royal Stag"", Indian Ads",""
"KEYWORD","66 Indian Alcohol Ads.json 1110(Redundant)","",""
"KEYWORD","67 Blenders Pride Indian Ads.json 1110","""Blenders Pride"", Indian Ads",""
"KEYWORD","68 Officers Choice Liquor & Alcohol Indian Ads.json 1110","""Officers Choice"" Liquour & Alcohol, Indian Ads",""
"","Keyword Count: 12","",""
"","","",""
"HEAD","Clothing","",""
"","","",""
"","","",""
"SUBHEAD","Brands","",""
"","","",""
"KEYWORD","69 Peter England Indian Ads.json 1110","""Peter England"" Indian Ads",""
"KEYWORD","70 Bahamas Indian Ads.json 1110","""Bahamas"" footwear,Indian Ads",""
"KEYWORD","71 Da Milano Indian Ads.json 1110","""Da Milano"", Indian Ads",""
"KEYWORD","72 Louis Philippe Indian Ads.json 1110","""Louis Philippe"", Indian Ads",""
"KEYWORD","73 Raymonds Indian Ads.json 1110","""Raymonds"" Indian Ads",""
"KEYWORD","74 Red Chief Indian Ads.json 1110","""Red Chief"", Indian Ads",""
"KEYWORD","75 Indian Brands Ads.json 1110(Redundant)","",""
"KEYWORD","76 Sketchers Indian Ads.json 1110","""Sketchers"" Indian Ads",""
"KEYWORD","77 Campus Indian Ads.json 1110","""Campus"" Indian Ads",""
"KEYWORD","78 Wood Land Indian Ads.json 1110","""Wood Land"", Indian Ads",""
"KEYWORD","79 Flying Machine Indian Ads.json 1110","""Flying Machine"", Indian Ads",""
"KEYWORD","80 Bata Indian Ads.json 1110","""Bata"" Indian Ads",""
"KEYWORD","81 Biba Indian Ads.json 1110","""Biba"" Indian Ads",""
"KEYWORD","82 Gini & Jony Indian Ads.json 1110","""Gini & Jony"", Indian Ads",""
"KEYWORD","83 Provogue Indian Ads.json 1110","""Provogue"" clothing, Indian Ads",""
"KEYWORD","84 Allen Solly Indian Ads.json 1110","""Allen Solly"", Indian Ads",""
"KEYWORD","85 Sparx Indian Ads.json 1110","""Sparx"" Indian Ads",""
"KEYWORD","86 Fab India Indian Ads.json 1110","""Fabindia"", Indian Ads",""
"KEYWORD","87 Monte Carlo Indian Ads.json 1210","""Monte Carlo"", Indian Ads",""
"","Keyword Count: 19","",""
"","","",""
"HEAD","Cars","",""
"","","",""
"SUBHEAD","Bajaj Models","",""
"KEYWORD","","Bajaj ""Pulsar"", Indian Ads ",""
"KEYWORD","","Bajaj ""Dominar"", Indian Ads",""
"KEYWORD","","Bajaj ""Avenger"", Indian Ads",""
"KEYWORD","","Bajaj ""Qute"", Indian Ads",""
"KEYWORD","","Bajaj ""Platina"", Indian Ads",""
"","","",""
"SUBHEAD","Mahindra Models","",""
"","","",""
"KEYWORD","","Mahindra ""XUV"", Indian Ads",""
"KEYWORD","","Mahindra ""Scorpio"", Indian Ads",""
"KEYWORD","","Mahindra ""Bolero"", Indian Ads",""
"KEYWORD","","Mahindra ""Thar"", Indian Ads",""
"KEYWORD","","Mahindra ""Marazzo"", Indian Ads",""
"KEYWORD","","Mahindra ""Alturas"", Indian Ads",""
"KEYWORD","","Mahindra ""KUV"", Indian Ads",""
"","","",""
"SUBHEAD","Toyota Models","",""
"","","",""
"KEYWORD","","Toyota ""Fortuner"", Indian Ads",""
"KEYWORD","","Toyota ""Innova"", Indian Ads",""
"KEYWORD","","Toyota ""Corolla"", Indian Ads",""
"KEYWORD","","Toyotal ""Land Cruiser"", Indian Ads",""
"","","",""
"SUBHEAD","Ford Models","",""
"","","",""
"KEYWORD","","Ford ""Fiesta"", Indian Ads",""
"KEYWORD","","Ford ""Figo"", Indian Ads",""
"KEYWORD","","Ford ""Aspire"", Indian Ads",""
"KEYWORD","","Ford ""Ecosport"", Indian Ads",""
"KEYWORD","","Ford ""Endeavour"", Indian Ads",""
"","","",""
"SUBHEAD","Skoda Models","",""
"","","",""
"KEYWORD","","Skoda ""Slavia"", Indian Ads",""
"KEYWORD","","Skoda ""Octavia"", Indian Ads",""
"KEYWORD","","Skoda ""Kushaq"", Indian Ads",""
"KEYWORD","","Skoda ""Kodiaq"", Indian Ads",""
"","","",""
"SUBHEAD","Hyundai Models","",""
"KEYWORD","","Hyundai ""Tucson"", Indian Ads",""
"KEYWORD","","Hyundai ""i10"", Indian Ads",""
"KEYWORD","","Hyundai ""120"", Indian Ads",""
"KEYWORD","","Hyundai ""Santro"", Indian Ads",""
"KEYWORD","","Hyundai ""Creta"", Indian Ads",""
"KEYWORD","","Hyundai ""Verna"", Indian Ads",""
"KEYWORD","","Hyundai ""Alcazar"", Indian Ads",""
"KEYWORD","","Hyundai ""Venue"" car, Indian Ads",""
"","","",""
"SUBHEAD","Renault","",""
"","","",""
"KEYWORD","","Renault ""KWID"", Indian Ads",""
"KEYWORD","","Renault ""Kiger"", Indian Ads",""
"KEYWORD","","Renault ""Triber"", Indian Ads",""
"","","",""
"","","",""
"SUBHEAD","Maruti models","",""
"","","",""
"KEYWORD","","Maruti Suzuki ""Brezza"", Indian Ads",""
"KEYWORD","","Maruti Suzuki ""Swift"", Indian Ads",""
"KEYWORD","","Maruti Suzuki ""Baleno"", Indian Ads",""
"KEYWORD","","Maruti Suzuki ""Ertiga"", Indian Ads",""
"KEYWORD","","Maruti Suzuki ""Alto"", Indian Ads",""
"KEYWORD","","Maruti Suzuki ""Wagon R"", Indian Ads",""
"KEYWORD","","Maruti Suzuki ""Dzire"", Indian Ads",""
"KEYWORD","","Maruti Suzuki ""Celerio"", Indian Ads",""
"KEYWORD","","Maruti Suzuki ""Ciaz"", Indian Ads",""
"KEYWORD","","Maruti Suzuki ""Ignis"", Indian Ads",""
"","","",""
"","","",""
"SUBHEAD","Honda","",""
"","","",""
"KEYWORD","","""Honda City"", Indian Ads",""
"KEYWORD","","Honda ""Amaze"", Indian Ads",""
"KEYWORD","","Honda ""Jazz"", Indian Ads",""
"KEYWORD","","Honda ""WR-V"", Indian Ads",""
"","","",""
"SUBHEAD","Tata","",""
"","","",""
"KEYWORD","","Tata ""Nexon"", Indian Ads",""
"KEYWORD","","Tata ""Tiago"", Indian Ads",""
"KEYWORD","","Tata ""Harrier"", Indian Ads",""
"KEYWORD","","Tata ""Altroz"", Indian Ads",""
"KEYWORD","","Tata ""Tigor"", Indian Ads",""
"KEYWORD","","Tata ""Safari"", Indian Ads",""
"KEYWORD","","Tata ""Punch"" Indian Ads",""
"","","",""
"SUBHEAD","Hero Motocorp","",""
"","","",""
"KEYWORD","","Hero ""Splendor"", Indian Ads",""
"KEYWORD","","Hero ""Glamour"", Indian Ads",""
"KEYWORD","","Hero ""Passion Pro"", Indian Ads",""
"KEYWORD","","Hero ""Maestro"", Indian Ads",""
"KEYWORD","","Hero ""Pleasure"", Indian Ads",""
"KEYWORD","","Hero ""HF Deluxe"", Indian Ads",""
"","","",""
"","","",""
"SUBHEAD","TVS","",""
"","","",""
"KEYWORD","","TVS ""Jupiter"", Indian Ads",""
"KEYWORD","","TVS ""Apache"", Indian Ads",""
"KEYWORD","","TVS ""Raider"", Indian Ads",""
"KEYWORD","","TVS ""Sport"", Indian Ads",""
"KEYWORD","","TVS Scooty,""Pep"", Indian Ads",""
"KEYWORD","","TVS Scooty,""Zest"", Indian Ads",""
"","","",""
"SUBHEAD","Companies","",""
"","","",""
"KEYWORD","88 Mahindra Indian Ads.json 1110","""Mahindra"" cars, Indian Ads",""
"KEYWORD","89 Toyota Indian Ads.json 1110","""Toyota"", Indian Ads",""
"KEYWORD","90 Ford Indian Ads.json 1110","""Ford"" cars, Indian Ads",""
"KEYWORD","91 Skoda Indian Ads.json 1110","""Skoda"" cars, Indian Ads",""
"KEYWORD","92 Fiat Indian Ads.json 1110","""Fiat"" cars, Indian Ads",""
"KEYWORD","93 Jaguar Indian Ads.json 1110","""Jaguar"" cars, Indian Ads",""
"KEYWORD","94 Hyundai Indian Ads.json 1110","""Hyundai"", Indian Ads",""
"KEYWORD","95 Volkswagen Indian Ads.json 1110","""Volkswagen"", Indian Ads",""
"KEYWORD","96 Renault Indian Ads.json 1110","""Renault"" cars, Indian Ads ",""
"KEYWORD","97 Bajaj Indian Ads.json 1110","""Bajaj"" cars, Indian Ads",""
"KEYWORD","98 Maruti Suzuki Indian Ads.json 1110","""Maruti Suzuki"" Indian Ads",""
"KEYWORD","99 Rolls Royce Indian Ads.json 1110","""Rolls Royce"", Indian Ads",""
"KEYWORD","100 Nisson Indian Ads.json 1110","""Nisson"" cars, Indian Ads",""
"KEYWORD","101 Land Rover Indian Ads.json 1110","""Toyota"", Indian Ads",""
"KEYWORD","102 TVS Motor Company Indian Ads.json 1110","""TVS Motor Company"", Indian Ads",""
"KEYWORD","103 BMW Indian Ads.json 1110","""BMW"", Indian Ads",""
"KEYWORD","104 Hero MotoCorp Indian Ads.json 1110","""Hero MotoCorp"", Indian Ads",""
"KEYWORD","105 Honda Motor Company Indian Ads.json 1110","""Honda Motor Company"", Indian Ads",""
"KEYWORD","106 Indian Cars Ads.json 1110","",""
"KEYWORD","107 Tata Motors Indian Ads.json 1110","""Tata Motors"", Indian Ads",""
"","","",""
"","","",""
"HEAD","Food","",""
"","","",""
"SUBHEAD","Flour","",""
"","","",""
"KEYWORD","1","""Aashirvaad"" Atta, Indian Ads",""
"KEYWORD","2","""Fortune"" Chakki Fresh Atta, Indian Ads",""
"KEYWORD","3","""Ahaar"" Whole Wheat Atta, Indian Ads",""
"KEYWORD","4","""Shakti Bhog"" Chakki Fresh Atta, Indian Ads",""
"KEYWORD","5","""Nature Fresh"" Sampoorna Chakki Atta, Indian Ads",""
"KEYWORD","6","""Organic Tattva"" Whole Wheat Flour, Indian Ads",""
"KEYWORD","7","""Laxmi Bhog"" Whole Wheat Atta, Indian Ads",""
"KEYWORD","8","""Patanjali"" Whole Wheat Atta, Indian Ads",""
"KEYWORD","9","""Annapurna"" Farm Fresh Atta, Indian Ads",""
"KEYWORD","10","""Pillsbury"" Chakki Fresh Atta, Indian Ads",""
"KEYWORD","11","""Rajdhani"" Chakki Fresh Atta, Indian Ads",""
"","","",""
"","","",""
"SUBHEAD","Noodles","",""
"","","""Maggi"" Noodles, Indian Ads",""
"KEYWORD","","""Yippee"" Noodles, Indian Ads",""
"KEYWORD","","""Top Ramen"" Noodles, Indian Ads",""
"KEYWORD","","""Chings Secret"" Noodles, Indian Ads",""
"KEYWORD","","""Knorr"" Soupy Noodles, Indian Ads",""
"KEYWORD","","""Patanjali"" Noodles, indian Ads",""
"KEYWORD","","""Wai Wai"" Noodles, Indian Ads",""
"","","",""
"SUBHEAD","Gum","",""
"","","",""
"KEYWORD","108 Mentos Indian Ads.json 1110","""Mentos"", Indian Ads",""
"KEYWORD","109 Wrigley’s double mint Indian Ads.json 1110","""Wrigley double mint"", Indian Ads",""
"KEYWORD","110 boomer Indian Ads.json 1110","""Boomer"" chewing gum, Indian Ads",""
"KEYWORD","111 Centre Fruit Indian Ads.json 1110","""Centre Fruit"" chewing gum, Indian Ads",""
"KEYWORD","112 Nicotex Indian Ads.json 1110","""Nicotex"", Indian Ads",""
"KEYWORD","113 Orbit Indian Ads.json 1110","""Orbit"" chewing gum, Indian Ads",""
"KEYWORD","114 Indian Gum Ads.json 1110","",""
"KEYWORD","115 Big Babol Indian Ads.json 1110","""Big Babol"" chewing gum, Indian Ads",""
"KEYWORD","116 Happydent Indian Ads.json 1110","""Happydent"" chewing, Indian Ads",""
"KEYWORD","117 Trident Indian Ads.json 1110","""Trident"" chewing gum, Indian Ads",""
"KEYWORD","118 Centre Fresh Indian Ads.json 1110","""Centre Fresh"" chewing gum, Indian Ads",""
"","","",""
"","","",""
"SUBHEAD","Cookies","",""
"","","",""
"KEYWORD","119 Sunfeast glucose biscuits Indian Ads.json 1110","""Sunfeast glucose biscuits"", Indian Ads",""
"KEYWORD","120 Hide & Seek Fab Indian Ads.json 1110","""Hide & Seek Fab"", Indian Ads",""
"KEYWORD","121 Dark Fantasy Indian Ads.json 1110","""Dark Fantasy"", Indian Ads",""
"KEYWORD","122 Jim Jam Indian Ads.json 1110","""Jim Jam"", Indian Ads",""
"KEYWORD","123 Indian Cookies Ads.json 1110","",""
"KEYWORD","124 20-20 Cookies Indian Ads.json 1110","""20-20 Cookies"", Indian Ads",""
"KEYWORD","125 Parle G Indian Ads.json 1110","""Parle G"", Indian Ads",""
"KEYWORD","126 Anmol Biscuits Indian Ads.json 1110","""Anmol Biscuits"", Indian Ads",""
"KEYWORD","127 Hide & Seek Indian Ads.json 1110","""Hide & Seek"", Indian Ads",""
"KEYWORD","128 Unibic Indian Ads.json 1110","""Unibic"", Indian Ads",""
"KEYWORD","129 PriyaGold Cheese cracker Indian Ads.json 1110","""PriyaGold Cheese cracker"", Indian Ads",""
"KEYWORD","130 Marie Gold Indian Ads.json 1110","""Britannia Marie Gold"", Indian Ads",""
"KEYWORD","131 Oreo Indian Ads.json 1110","""Oreo"", Indian Ads",""
"KEYWORD","132 Priya Gold Biscuits Indian Ads.json 1110","""Priya Gold Biscuits"", Indian Ads",""
"KEYWORD","133 Krackjack Indian Ads.json 1110","""Krackjack"", Indian Ads",""
"KEYWORD","134 Good Day Indian Ads.json 1110","""Good Day"" biscuits, Indian Ads",""
"KEYWORD","135 Bourbon Indian Ads.json 1110","""Bourbon"" biscuits, Indian Ads",""
"KEYWORD","136 Bisk farm Indian Ads.json 1110","""Bisk farm"", Indian Ads",""
"KEYWORD","137 Butter Bite Indian Ads.json 1110","""Butter Bite"" biscuits, Indian Ads",""
"KEYWORD","138 Monaco Indian Ads.json 1110","""Monaco"" biscuits, Indian Ads",""
"","","",""
"","","",""
"SUBHEAD","Condiments","",""
"","","",""
"KEYWORD","139 Badshah Masala Indian Ads.json 1110","""Badshah"" masale, Indian Ads",""
"KEYWORD","140 Goldiee Indian Ads.json 1110","""Goldiee"" masale, Indian Ads",""
"KEYWORD","141 Maggi Indian Ads.json 1110","""Maggi Masala"", Indian Ads",""
"KEYWORD","142 Smith and Jones Indian Ads.json 1110","Smith and Jones"", Indian Ads",""
"KEYWORD","143 MDH Indian Ads.json 1110","""MDH"", Indian Ads",""
"KEYWORD","144 Suhana Masala Indian Ads.json 1110","""Suhana"" masale, Indian Ads",""
"KEYWORD","145 Indian Condiments Ads.json 1110","",""
"KEYWORD","146 Ashok Masala Indian Ads.json 1110","""Ashok"" masale, Indian Ads",""
"KEYWORD","147 Heinz Indian Ads.json 1110","""Heinz"" , Indian Ads",""
"KEYWORD","148 Kissan Indian Ads.json 1110","""Kissan"", Indian Ads",""
"KEYWORD","149 Catch Masala Indian Ads.json 1110","""Catch"" masale, Indian Ads",""
"KEYWORD","150 Chingz Indian Ads.json 1110","""Chingz"" ,Indian Ads",""
"KEYWORD","151 Everest Indian Ads.json 1110","""Everest"" masale, Ads",""
"","Keyword Count: 13","",""
"","","",""
"SUBHEAD","Chips","",""
"","","",""
"KEYWORD","152 Bingo Indian Ads.json 1110","""Bingo"" wafers, Indian Ads ",""
"KEYWORD","153 Haldiram's Chips Indian Ads.json 1110","""Haldiram"" wafers, Indian Ads",""
"KEYWORD","154 Too Yum Indian Ads.json 1110","""Too Yum"" chips, Indian Ads",""
"KEYWORD","155 Crax Indian Ads.json 1110","""Crax"" wafers, Indian Ads",""
"KEYWORD","156 Oyes Indian Ads.json 1110","""Oyes"" wafers, Indian Ads",""
"KEYWORD","157 Lay's Indian Ads.json 1110","""Lay's"" wafers, Indian Ads",""
"KEYWORD","158 Uncle Chips Indian Ads.json 1110","""Uncle Chips"", Indian Ads",""
"KEYWORD","159 Balaji Wafers Indian Ads.json 1110","""Balaji Wafers"", Indian Ads",""
"KEYWORD","160 Indian Chips Ads.json 1110","",""
"KEYWORD","161 Yellow Diamond Indian Ads.json 1110","""Yellow Diamond"" wafers, Indian Ads",""
"KEYWORD","162 Cheetos Indian Ads.json 1110","""Cheetos Indian"" wafers, Ads",""
"KEYWORD","163 Kurkure Indian Ads.json 1110","""Kurkure Indian"" wafers, Ads",""
"KEYWORD","164 Parle's Wafers Indian Ads.json 1110","""Parle's Wafers"" wafers, Indian Ads",""
"","","",""
"","","",""
"SUBHEAD","Food Delivery Apps","",""
"","","""Blinkit"", Indian Ads",""
"KEYWORD","165 EatSure Indian Ads.json 1110","""EatSure"", Indian Ads",""
"KEYWORD","166 Deliveroo Indian Ads.json 1110","""Deliveroo"", Indian Ads",""
"KEYWORD","167 Swiggy Indian Ads.json 1110","""Swiggy"", Indian Ads",""
"KEYWORD","168 TravelKhana Indian Ads.json 1110","""TravelShana"", Indian Ads",""
"KEYWORD","169 Eatfit Indian Ads.json 1110","""Eatfit"", Indian Ads",""
"KEYWORD","170 FreshMenu Indian Ads.json 1110","""FreshSenu"", Indian Ads",""
"KEYWORD","171 Oven Story Indian Ads.json 1110","""OvenStory"", Indian Ads",""
"KEYWORD","172 Eatsure Indian Ads.json 1110","""Eatsure"", Indian Ads",""
"KEYWORD","173 Box8 Indian Ads.json 1110","""Box"", Indian Ads",""
"KEYWORD","174 Zomato Indian Ads.json 1110","""Zomato"", Indian Ads",""
"KEYWORD","175 GrubHub Indian Ads.json 1110","""GrubSub"", Indian Ads",""
"KEYWORD","176 Dunzo Indian Ads.json 1110","""Dunzo"", Indian Ads",""
"KEYWORD","177 Indian Food Delivery Apps Ads.json 1110","",""
"","Keyword Count: 13","",""
"","","",""
"SUBHEAD","Food Companies","",""
"","","",""
"KEYWORD","178 Sunfeast Indian Ads.json 1110","""Sunfeast"", Indian Ads",""
"KEYWORD","179 Hatsun Argo Indian Ads.json 1110","""Hatsun Argo"", Indian Ads",""
"KEYWORD","180 Parle Argo Indian Ads.json 1110","""Parle Argo"", Indian Ads",""
"KEYWORD","181 Patanjali Indian Ads.json 1110","""Patanjali"", Indian Ads",""
"KEYWORD","182 Britannia Indian Ads.json 1110","""Britannia"", Indian Ads",""
"KEYWORD","183 Nestle Indian Ads.json 1110","""Nestle"", Indian Ads",""
"KEYWORD","184 McCain Indian Ads.json 1110","""McCain"", Indian Ads",""
"KEYWORD","185 Godrej Bevrages and Foods Limited Indian Ads.json 1110","""Godrej Bevrages and Foods Limited"", Indian Ads",""
"KEYWORD","186 Hindustan Unilever Indian Ads.json 1110","""Hindustan Unilever"", Indian Ads",""
"KEYWORD","187 Pepsico India Indian Ads.json 1110","""Pepsico India"", Indian Ads",""
"KEYWORD","188 KRBL Limited Indian Ads.json 1110","""KRBL Limited"", Indian Ads",""
"KEYWORD","189 Amul Indian Ads.json 1110","""Amul"", Indian Ads",""
"KEYWORD","190 Cadbury Indian Ads.json 1110","""Cadbury"", Indian Ads",""
"KEYWORD","191 Indian Food Companies Ads.json 1110","",""
"KEYWORD","192 MTR Foods Indian Ads.json 1110","""MTR Foods"", Indian Ads",""
"KEYWORD","193 Kissan Indian Ads.json 1110","""Kissan"", Indian Ads",""
"KEYWORD","194 Heritage Foods Limited Indian Ads.json 1110","""Heritage Foods Limited"", Indian Ads",""
"KEYWORD","195 Kwality Dairy India Limited Indian Ads.json 1110","""Kwality Dairy India Limited"", Indian Ads",""
"","","",""
"","","",""
"SUBHEAD","Ice Cream","",""
"","","",""
"KEYWORD","196 Amul Ice Cream Indian Ads.json 1110","""Amul"" ice-cream, Indian Ads",""
"KEYWORD","197 Cream and Fudge Indian Ads.json 1110","""Cream And Fudge"", Indian Ads",""
"KEYWORD","198 Vadilal Indian Ads.json 1110","""Vadilal"", Indian Ads",""
"KEYWORD","199 Natural Ice Cream Indian Ads.json 1110","""Naturals"" ice-cream, Indian Ads",""
"KEYWORD","200 Cream Stone Indian Ads.json 1110","""Cream Stone"", Indian Ads",""
"KEYWORD","201 Cream Bell Indian Ads.json 1110","""Cream Bell"", Indian Ads",""
"KEYWORD","202 Mother Dairy Indian Ads.json 1110","""Mother Diary"", Indian Ads",""
"KEYWORD","203 Havmor Indian Ads.json 1110","""Havmor"" ice-cream, Indian Ads",""
"KEYWORD","204 Kwality Wall's Indian Ads.json 1110","""Kwality Wall's"", Indian Ads",""
"","205 Indian Ice Cream Ads.json 1110","",""
"","Keyword Count: 10","",""
"","","",""
"SUBHEAD","Restaurants","",""
"","","",""
"KEYWORD","206 Smokin' Joes Pizzeria Indian Ads.json 1110","""Smokin' Joes Pizzeria"", Indian Ads",""
"KEYWORD","207 Parsa's- Food For all Indian Ads.json 1110","""Parsa's-Food For all"", Indian Ads",""
"KEYWORD","208 Jumbo King Indian Ads.json 1200","""Jumbo King"", Indian Ads",""
"KEYWORD","209 Fassos Food Company Indian Ads.json 1200","""Fassos Food Company"", Indian Ads",""
"KEYWORD","210 Kaati Zone Indian Ads.json 1110","""Kaati Zone"", Indian Ads",""
"KEYWORD","211 Nirula's Restaurant Indian Ads.json 1110","""Nirula's Restaurant"", Indian Ads",""
"KEYWORD","212 Sagar Ratna Indian Ads.json 1110","""Sagar Ratna"", Indian Ads",""
"KEYWORD","213 Shiv Sagar Indian Ads.json 1110","""Shiv Sagar"", Indian Ads",""
"KEYWORD","214 Bikanervala Indian Ads.json 1200","""Bikanervala"", Indian Ads",""
"KEYWORD","215 Radisson Hotel Indian Ads.json 1010","""Radisson Hotel"", Indian Ads",""
"KEYWORD","216 Haldiram Indian Ads.json 1100","""Haldiram"", Indian Ads",""
"KEYWORD","217 Wow! Momo Indian Ads.json 1010","""Wow! Momo"", Indian Ads",""
"KEYWORD","218 Karims Restaurant Indian Ads.json 1010","""Karims Restaurant"", Indian Ads",""
"KEYWORD","219 Indian Restaurants Ads.json 1010","",""
"KEYWORD","220 Saravana Bhavan Indian Ads.json 1010","""Saravana Bhavan"", Indian Ads",""
"KEYWORD","221 MTR Foods Indian Ads.json 1010","""MTR Foods"", Indian Ads",""
"KEYWORD","222 Paradise Restaurant Indian Ads.json 1010","""Paradise Restaurant"", Indian Ads",""
"KEYWORD","223 Ratna Cafe Indian Ads.json 1010","""Ratna Cafe"", Indian Ads",""
"KEYWORD","224 Barbeque Nation Indian Ads.json 1100","""Barbeque Nation"", Indian Ads",""
"","","",""
"","","",""
"SUBHEAD","Chocolate","",""
"","","",""
"KEYWORD","225 Hershey Indian Ads.json 1010","""Hershey"" chocolate, Indian Ads",""
"KEYWORD","226 Dairy Milk Indian Ads.json 1010","""Dairy Milk"" chocolate, Indian Ads",""
"KEYWORD","227 Kacha Mango Bite Indian Ads.json 1010","""Kacha Mango Bite"" chocolate, Indian Ads",""
"KEYWORD","228 Snickers Indian Ads.json 1010","""Snickers"" chocolate, Indian Ads",""
"KEYWORD","229 Barone Indian Ads.json 1010","""Barone"" chocolate, Indian Ads",""
"KEYWORD","230 Just jelly Indian Ads.json 1010","""Just jelly"" chocolate, Indian Ads",""
"KEYWORD","231 Kit Kat Indian Ads.json 1010","""Kit Kat"" chocolate, Indian Ads",""
"KEYWORD","232 Perk Indian Ads.json 1010","""Perk"" chocolate, Indian Ads",""
"KEYWORD","233 Cadbury Gems Indian Ads.json 1010","""Cadbury Gems"" chocolate, Indian Ads",""
"KEYWORD","234 Twix Indian Ads.json 1010","""Twix"" chocolate, Indian Ads",""
"KEYWORD","235 Kisses Indian Ads.json 1010","""Kisses"" chocolate, Indian Ads",""
"KEYWORD","236 M&M's Indian Ads.json 1010","""M&M's"" chocolate, Indian Ads",""
"KEYWORD","237 Eclairs Indian Ads.json 1010","""Eclairs"" chocolate, Indian Ads",""
"KEYWORD","238 Toffichoo Indian Ads.json 1010","""Toffichoo"" chocolate, Indian Ads",""
"KEYWORD","239 Munch Indian Ads.json 1010","""Munch"" chocolate, Indian Ads",""
"KEYWORD","240 Indian Chocolate Ads.json 1010","",""
"KEYWORD","241 Melody Indian Ads.json 1010","""Melody"" chocolate, Indian Ads",""
"KEYWORD","242 Raffaello Indian Ads.json 1010","""Raffaello"" chocolate, Indian Ads",""
"KEYWORD","243 5 Star Indian Ads.json 1010","""Star"" chocolate, Indian Ads",""
"KEYWORD","244 Mars Indian Ads.json 1010","""Mars"" chocolate, Indian Ads",""
"KEYWORD","245 Alpenlibe Indian Ads.json 1010","""Alpenlibe"" chocolate, Indian Ads",""
"KEYWORD","246 Kopiko Indian Ads.json 1010","""Kopiko"" chocolate, Indian Ads",""
"KEYWORD","247 kismi Indian Ads.json 1010","""kismi"" chocolate, Indian Ads",""
"KEYWORD","248 Ferrero Rocher Indian Ads.json 1010","""Ferrero Rocher"" chocolate, Indian Ads",""
"KEYWORD","249 Cadbury Silk Indian Ads.json 1010","""Cadbury Silk"" chocolate, Indian Ads",""
"KEYWORD","250 Milky Bar Indian Ads.json 1010","""Milky Bar"" chocolate, Indian Ads",""
"KEYWORD","251 ChocOn  Indian Ads.json 1010","""ChocOn"" chocolate, Indian Ads",""
"","","",""
"","","",""
"SUBHEAD","Nuts","",""
"","","",""
"KEYWORD","252 Happilo Indian Ads.json 1010","""Happilo"", Indian Ads",""
"KEYWORD","253 Indian Nuts Ads.json 1010","",""
"KEYWORD","254 Nutty Grities Indian Ads.json 1010","""Nutty Gritties"", Indian Ads",""
"KEYWORD","255 Tulsi Dry Fruits Indian Ads.json 1010","""Tulsi Dry Fruits"", Indian Ads",""
"KEYWORD","256 Vedaka Indian Ads.json 1010","""Vedaka"" dry fruits, Indian Ads",""
"KEYWORD","257 Nutraj Indian Ads.json 1010","""Nutraj"" dry fruits, Indian Ads",""
"KEYWORD","258 Rostaa Indian Ads.json 1010","""Rostaa"" dry fruits, Indian Ads",""
"","","",""
"","","",""
"HEAD","Electronics","",""
"","","",""
"","","",""
"SUBHEAD","Service Providers","",""
"","","",""
"KEYWORD","259 Reliance Indian Ads.json 1010","""Reliance"", Indian Ads",""
"KEYWORD","260 Idea Indian Ads.json 1010","""Idea"", Indian Ads",""
"KEYWORD","261 Vodafone Indian Ads.json 1010","""Vodafone"", Indian Ads",""
"KEYWORD","262 Airtel Indian Ads.json 1010","""Airtel"", Indian Ads",""
"KEYWORD","263 BSNL Indian Ads.json 1010","""BSNL"", Indian Ads",""
"KEYWORD","264 Tata Teleservices Indian Ads.json 1010","""Tata Teleservices"", Indian Ads",""
"KEYWORD","265 Jio Indian Ads.json 1010","""Jio"", Indian Ads",""
"KEYWORD","266 Indian Service Providers Ads.json 1010","",""
"KEYWORD","267 MTNL Indian Ads.json 1010","""MTNL"", Indian Ads",""
"KEYWORD","268 Docomo Indian Ads.json 1010","""Docomo"", Indian Ads",""
"","","",""
"","","",""
"SUBHEAD","Television Brands","",""
"","","",""
"KEYWORD","269 Philips TV Indian Ads.json 1010","""Philips"" television, Indian Ads",""
"KEYWORD","270 Sansui TV Indian Ads.json 1010","""Sansui"" television, Indian Ads",""
"KEYWORD","271 MI TV Indian Ads.json 1010","""MI"" television, Indian Ads",""
"KEYWORD","272 Samsung TV Indian Ads.json 1010","""Samsung"" television, Indian Ads",""
"KEYWORD","273 Sony TV Indian Ads.json 1010","""Sony"" television, Indian Ads",""
"KEYWORD","274 Panasonic TV Indian Ads.json 1010","""Panasonic"" television, Indian Ads",""
"KEYWORD","275 Micromax TV Indian Ads.json 1010","""Micromax"" television, Indian Ads",""
"KEYWORD","276 Indian Television Brands Ads.json 1010","",""
"KEYWORD","277 LG TV Indian Ads.json 1010","""LG"" television, Indian Ads",""
"","","",""
"","","",""
"SUBHEAD","Phones","",""
"","","",""
"KEYWORD","278 Google Mobiles Indian Ads.json 1010","""Google Mobiles"", Indian Ads",""
"KEYWORD","279 Samsung Indian Ads.json 1010","""Samsung"" mobiles, Indian Ads",""
"KEYWORD","280 Gionee Indian Ads.json 1010","""Gionee"" mobiles, Indian Ads",""
"KEYWORD","281 Nokia Indian Ads.json 1010","""Nokia"" mobiles, Indian Ads",""
"KEYWORD","282 Apple Indian Ads.json 1010","""Apple"" mobiles, Indian Ads",""
"KEYWORD","283 HTC Indian Ads.json 1010","""HTC"" mobiles, Indian Ads",""
"KEYWORD","284 Xiaomi Indian Ads.json 1010","""Xiaomi"" mobiles, Indian Ads",""
"KEYWORD","285 Indian Phones Ads.json 1010","",""
"KEYWORD","286 LG Indian Ads.json 1010","""LG"" mobiles, Indian Ads",""
"KEYWORD","287 Sony Indian Ads.json 1010","""Sony"" mobiles, Indian Ads",""
"KEYWORD","288 One-Plus Indian Ads.json 1010","""One-Plus"" mobiles, Indian Ads",""
"KEYWORD","289 Motorola Indian Ads.json 1010","""Motorola"" mobiles, Indian Ads",""
"KEYWORD","290 Vivo Indian Ads.json 1010","""Vivo"" mobiles, Indian Ads",""
"KEYWORD","291 Lava Mobiles Indian Ads.json 1010","""Lava Mobiles"" mobiles, Indian Ads",""
"KEYWORD","292 Asus Indian Ads.json 1010","""Asus"" mobiles, Indian Ads",""
"KEYWORD","293 Videocon Indian Ads.json 1010","""Videocon"" mobiles, Indian Ads",""
"KEYWORD","294 Oppo Indian Ads.json 1010","""Oppo"" mobiles, Indian Ads",""
"KEYWORD","295 Micromax Indian Ads.json 1010","""Micromax"" mobiles, Indian Ads",""
"","","",""
"","","",""
"SUBHEAD","Computers","",""
"","","",""
"KEYWORD","297 MI Indian Ads.json 1010","""MI"" laptops and computers, Indian Ads",""
"KEYWORD","298 HP Indian Ads.json 1010","""HP"" laptops and computers, Indian Ads",""
"KEYWORD","299 Sony laptops Indian Ads.json 1010","""Sony"" laptops and computers, laptops Indian Ads",""
"KEYWORD","300 Intel Indian Ads.json 1010","""Intel"" laptops and computers, Indian Ads",""
"KEYWORD","301 Apple Computers Indian Ads.json 1010","""Apple"" laptops and computers, Computers Indian Ads",""
"KEYWORD","302 Dell Indian Ads.json 1010","""Dell"" laptops and computers, Indian Ads",""
"KEYWORD","303 Indian Computers Ads.json 1010","",""
"KEYWORD","304 Asus Indian Ads.json 1010","""Asus"" laptops and computers, Indian Ads",""
"KEYWORD","305 Acer Indian Ads.json 1010","""Acer"" laptops and computers, Indian Ads",""
"KEYWORD","306 MIcrosoft Indian Ads.json 1010","""MIcrosoft"" laptops and computers, Indian Ads",""
"KEYWORD","307 Lenovo Indian Ads.json 1010","""Lenovo"" laptops and computers, Indian Ads",""
"KEYWORD","308 Razer Laptops Indian Ads.json 1010","""Razer"" laptops and computers, Laptops Indian Ads",""
"KEYWORD","309 MSI Indian Ads.json 1010","""MSI"" laptops and computers, Indian Ads",""
"KEYWORD","310 Toshiba Indian Ads.json 1010","""Toshiba"" laptops and computers, Indian Ads",""
"KEYWORD","311 Dell Alienware Indian Ads.json 1010","""Dell"" laptops and computers, Alienware Indian Ads",""
"","","",""
"","","",""
"HEAD","Sports","",""
"","","",""
"","","",""
"SUBHEAD","Equipment","",""
"","","",""
"KEYWORD","312 HRX Indian Ads.json 1010","""HRX"", Indian Ads",""
"KEYWORD","313 FILA Indian Ads.json 1010","""FILA"", Indian Ads",""
"KEYWORD","314 Puma Indian Ads.json 1010","""Puma"", Indian Ads",""
"KEYWORD","315 Indian Equipment Ads.json 1010","",""
"KEYWORD","316 Nike Indian Ads.json 1010","""Nike"", Indian Ads",""
"KEYWORD","317 Reebox Indian Ads.json 1010","""Reebox"", Indian Ads",""
"KEYWORD","318 Cosco Sports Indian Ads.json 1010","""Cosco"", Sports Indian Ads",""
"KEYWORD","319 Skechers Indian Ads.json 1010","""Skechers"", Indian Ads",""
"KEYWORD","320 Perfox Indian Ads.json 1010","""Perfox"", Indian Ads",""
"KEYWORD","321 Tyka Indian Ads.json 1010","""Tyka"", Indian Ads",""
"KEYWORD","322 MRF Indian Ads.json 1010","""MRF"", Indian Ads",""
"KEYWORD","323 Adidas Indian Ads.json 1010","""Adidas"", Indian Ads",""
"KEYWORD","324 Sareen Sports Indian Ads.json 1010","""Sareen"", Sports Indian Ads",""
"KEYWORD","325 Nivia Indian Ads.json 1010","""Nivia"", Indian Ads",""
"","","",""
"","","",""
"HEAD","Travel","",""
"","","",""
"SUBHEAD","Trains","",""
"","","",""
"KEYWORD","326 Air India Indian Ads.json 1010","Indain Trains Ads",""
"KEYWORD","327 Jet Airways Indian Ads.json 1010","Indian Metro Ads",""
"","","",""
"SUBHEAD","Airlines","",""
"","","",""
"KEYWORD","326 Air India Indian Ads.json 1010","""Air India"", Indian Ads",""
"KEYWORD","327 Jet Airways Indian Ads.json 1010","""Jet Airways"", Indian Ads",""
"KEYWORD","328 Indigo Indian Ads.json 1010","""Indigo"", Indian Ads",""
"KEYWORD","329 Vistara Indian Ads.json 1010","""Vistara"", Indian Ads",""
"KEYWORD","330 SpiceJet Indian Ads.json 1010","""SpiceJet"", Indian Ads",""
"KEYWORD","331 GoAir Indian Ads.json 1010","""GoAir"", Indian Ads",""
"KEYWORD","332 Indian Airlines Ads.json 1010","",""
"","Keyword Count: 7","",""
"","","",""
"SUBHEAD","Resorts","",""
"","","",""
"KEYWORD","333 Jaisalmer Marriott Resort & Spa Indian Ads.json 1010","""Jaisalmer Marriott Resort & Spa"", Indian Ads",""
"KEYWORD","334 ITC Jotels Indian Ads.json 1010","""ITC"" hotels, Indian Ads",""
"KEYWORD","335 Indian Resorts Ads.json 1010","",""
"KEYWORD","336 The Roseate Indian Ads.json 1010","""The Roseate"", Indain Ads",""
"KEYWORD","338 The Naini Retreat Indian Ads.json 1010","""The Naini Retreat"", Indian Ads",""
"KEYWORD","339 Niraamaya Retreats Backwaters And Beyond Indian Ads.json 1010","""Niraamaya Retreats Backwaters And Beyond"", Indian Ads",""
"KEYWORD","340 Club Mahindra Indian Ads.json 1010","""Club Mahindra"", Indian Ads",""
"KEYWORD","341 Le Meridien Group of Hotels in India Indian Ads.json 1010","""Le Meridien Group of Hotels"", Indian Ads",""
"KEYWORD","342 The Oberoi Groups Indian Ads.json 1010","""The Oberoi Groups"", Indian Ads",""
"","","",""
"","","",""
"SUBHEAD","Travel Companies","",""
"","","",""
"KEYWORD","343 ClearTrip Indian Ads.json 1010","""ClearTrip"", Indian Ads",""
"KEYWORD","344 East India Travel Co Indian Ads.json 1010","""East India Travel"", Indian Ads",""
"KEYWORD","345 Yatra Indian Ads.json 1010","""Yatra"", Indian Ads",""
"KEYWORD","346 Indian Travel Companies Ads.json 1010","",""
"KEYWORD","347 Red Bus Indian Ads.json 1010","""RedBus"", Bus Ads",""
"KEYWORD","348 EaseMyTrip Indian Ads.json 1010","""EaseMyTrip"", Indian Ads",""
"KEYWORD","349 The Travel Guru Indian Ads.json 1010","""TheTravel Guru"", Travel Ads",""
"KEYWORD","350 MakeMyTrip Indian Ads.json 1010","""Make MyTrip"", Indian Ads",""
"KEYWORD","351 Goibibo Indian Ads.json 1010","""Goibibo"", Indian Ads",""
"KEYWORD","352 OYO Indian Ads.json 1010","""OYO"", Indian Ads",""
"","","",""
"","","",""
"HEAD","Cosmetics","",""
"","","",""
"","","",""
"SUBHEAD","Cosmetics","",""
"","","",""
"KEYWORD","353 Jonsons Indian Ads.json 1010","""Johnsons"", Indian Ads",""
"KEYWORD","354 Axe Indian Ads.json 1010","""Axe"", Indian Ads",""
"KEYWORD","355 Biotique Indian Ads.json 1010","""Biotique"" cosmetics, Indian Ads",""
"KEYWORD","356 Ponds Indian Ads.json 1010","""Ponds"", Indian Ads",""
"KEYWORD","357 Olay Indian Ads.json 1010","""Olay"", Indian Ads",""
"KEYWORD","358 Fair and Lovely Indian Ads.json 1010","""Fair and Lovely"", Indian Ads",""
"KEYWORD","359 Head and Shoulder Indian Ads.json 1010","""Head and Shoulder"", Indian Ads",""
"KEYWORD","360 Lotus Herbal Indian Ads.json 1010","""Lotus Herbal"", Indian Ads",""
"KEYWORD","361 Set Wet Indian Ads.json 1010","""Set Wet"", Indian Ads",""
"KEYWORD","362 Garnier Indian Ads.json 1010","""Garnier"", Indian Ads",""
"KEYWORD","364 Himalaya Herbals Indian Ads.json 1010","""Himalaya Herbals"", Indian Ads",""
"KEYWORD","365 Sunsilk Indian Ads.json 1010","""Sunsilk"", Indian Ads",""
"KEYWORD","366 Denver Indian Ads.json 1010","""Denver"", Indian Ads",""
"KEYWORD","367 Mamaearth Indian Ads.json 1010","""Mamaearth"", Indian Ads",""
"KEYWORD","368 Lakme Indian Ads.json 1010","""Lakme"", Indian Ads",""
"KEYWORD","369 Fog Indian Ads.json 1010","""Fog"" cosmetics, Indian Ads",""
"KEYWORD","370 Wild Stone Indian Ads.json 1010","""Wild Stone"", Indian Ads",""
"KEYWORD","371 Alle 18 Indian Ads.json 1010","""Alle"", Indian Ads",""
"KEYWORD","372 Indian Cosmetics Ads.json 1010","",""
"KEYWORD","373 Park Evenue Indian Ads.json 1010","""Park Evenue"", Indian Ads",""
"KEYWORD","374 Engage Indian Ads.json 1010","""Engage"", Indian Ads",""
"KEYWORD","375 Calvin Klein Indian Ads.json 1010","""Calvin Klein"", Indian Ads",""
"KEYWORD","376 Amway Indian Ads.json 1010","""Amway"", Indian Ads",""
"KEYWORD","377 Pantene Indian Ads.json 1010","""Pantene"", Indian Ads",""
"KEYWORD","378 Maybelline Indian Ads.json 1010","""Maybelline"", Indian Ads",""
"KEYWORD","379 Lux Indian Ads.json 1010","""Lux"", Indian Ads",""
"KEYWORD","380 L'Oreal Indian Ads.json 1010","""L'Oreal"", Indian Ads",""
"KEYWORD","381 Clean and clear Indian Ads.json 1010","""Clean and clear"", Indian Ads",""
"","","",""
"","","",""
"HEAD","Financial Institutions","",""
"","","",""
"","","",""
"SUBHEAD","Insurance","",""
"","","",""
"KEYWORD","382 PNB Metlife Indian Ads.json 1010","""PNB Metlife"", Indian Ads",""
"KEYWORD","383 Indian Insurance Ads.json 1010","",""
"KEYWORD","384 HDFC Life Indian Ads.json 1010","""HDFC Life"", Indian Ads",""
"KEYWORD","385 LIC Indian Ads.json 1010","""LIC"",  Indian Ads",""
"KEYWORD","386 Max Life Indian Ads.json 1010","""Max Life"", Indian Ads",""
"KEYWORD","387 Kotak Life Indian Ads.json 1010","""Kotak Life"", Indian Ads",""
"KEYWORD","388 SBI Life Indian Ads.json 1010","""SBI Life"", Indian Ads",""
"KEYWORD","389 Exide Life Indian Ads.json 1010","""Exide Life"", Indian Ads",""
"KEYWORD","390 Birla Sun Life Indian Ads.json 1010","""Birla Sun"", Life Indian Ads",""
"KEYWORD","391 ICICI Prudential Indian Ads.json 1010","""ICICI Prudential"", Indian Ads",""
"KEYWORD","392 Tata AIA Indian Ads.json 1010","""Tata AIA"", Indian Ads",""
"KEYWORD","393 Bajaj Allianz Indian Ads.json 1010","""Bajaj Allianz"", Indian Ads",""
"","","",""
"","","",""
"SUBHEAD","Banks","",""
"","","",""
"KEYWORD","394 Punjab National Bank Indian Ads.json 1010","""Punjab National Bank"", Indian Ads",""
"KEYWORD","395 Central Bank of India Indian Ads.json 1010","""Central Bank of India"", Indian Ads",""
"KEYWORD","396 Indian Banks Ads.json 1010","",""
"KEYWORD","397 State Bank Of India Indian Ads.json 1010","""State Bank Of India"", Indian Ads",""
"KEYWORD","398 Canara Bank Indian Ads.json 1010","""Canara Bank"", Indian Ads",""
"KEYWORD","399 HDFC Bank Indian Ads.json 1010","""HDFC Bank"", Indian Ads",""
"KEYWORD","400 Union Bank Of India Indian Ads.json 1010","""Union Bank Of India"", Indian Ads",""
"KEYWORD","401 Bank of Baroda Indian Ads.json 1010","""Bank of Baroda"", Indian Ads",""
"KEYWORD","402 ICICI Bank Indian Ads.json 1010","""ICICI Bank"", Indian Ads",""
"KEYWORD","403 Yes Bank Indian Ads.json 1010","""Yes Bank"", Indian Ads",""
"KEYWORD","404 Bank of India Indian Ads.json 1010","""Bank of India"", Indian Ads",""
"KEYWORD","405 Allahabad Bank Indian Ads.json 1010","""Allahabad Bank"", Indian Ads",""
"KEYWORD","406 Axis Bank Indian Ads.json 1010","""Axis Bank"", Indian Ads",""
